SALE TYPE,SOLD DATE,PROPERTY TYPE,ADDRESS,CITY,STATE OR PROVINCE,ZIP OR POSTAL CODE,PRICE,BEDS,BATHS,LOCATION,SQUARE FEET,LOT SIZE,YEAR BUILT,DAYS ON MARKET,$/SQUARE FEET,HOA/MONTH,STATUS,NEXT OPEN HOUSE START TIME,NEXT OPEN HOUSE END TIME,URL (SEE http://www.redfin.com/buy-a-home/comparative-market-analysis FOR INFO ON PRICING),SOURCE,MLS#,FAVORITE,INTERESTED,LATITUDE,LONGITUDE
PAST SALE,September-27-2018,Condo/Co-op,217 Divisadero St,San Francisco,CA,94117,1695000,2,2.0,Haight Ashbury,1155,,1900,232,1468,,Sold,,,http://www.redfin.com/CA/San-Francisco/217-Divisadero-St-94117/home/1659886,San Francisco MLS,476030,N,Y,37.770604,-122.437226
PAST SALE,July-6-2018,Condo/Co-op,1701 Grove St #4,San Francisco,CA,94117,940000,2,1.0,North Panhandle,,,1913,315,,383,Sold,,,http://www.redfin.com/CA/San-Francisco/1701-Grove-94117/unit-4/home/148058897,San Francisco MLS,471743,N,Y,37.774913,-122.444766
PAST SALE,September-28-2018,Condo/Co-op,350 Broderick St #326,San Francisco,CA,94117,1300000,2,2.0,North Panhandle,949,,2007,231,1370,426,Sold,,,http://www.redfin.com/CA/San-Francisco/350-Broderick-St-94117/unit-326/home/12402421,San Francisco MLS,476903,N,Y,37.7734397,-122.4387558
PAST SALE,November-6-2018,Condo/Co-op,650 Clayton St,San Francisco,CA,94117,1375000,2,2.0,Haight Ashbury,1660,,1904,192,828,325,Sold,,,http://www.redfin.com/CA/San-Francisco/650-Clayton-St-94117/home/1618587,San Francisco MLS,476416,N,Y,37.769216,-122.448183
PAST SALE,,Condo/Co-op,51 Alpine Ter,San Francisco,CA,94117,900000,2,1.0,,,,1904,,,,,,,http://www.redfin.com/CA/San-Francisco/51-Alpine-Ter-94117/home/144063691,,,N,Y,37.7696549,-122.4374455
PAST SALE,May-30-2018,Condo/Co-op,339 Carl St,San Francisco,CA,94117,1625000,2,1.0,Parnassus/Ashbury Heights,,,,352,,267,Sold,,,http://www.redfin.com/CA/San-Francisco/339-Carl-St-94117/home/40138426,San Francisco MLS,470792,N,Y,37.7650457,-122.455105
PAST SALE,April-13-2018,Condo/Co-op,267-271 Hermann St #267,San Francisco,CA,94117,875000,2,1.0,Hayes Valley,,,1900,399,,350,Sold,,,http://www.redfin.com/CA/San-Francisco/267-Hermann-St-94117/unit-267/home/144958910,San Francisco MLS,467798,N,Y,37.770106,-122.429491
PAST SALE,October-6-2017,Condo/Co-op,52 Alpine Ter #2,San Francisco,CA,94117,1720000,2,2.0,Buena Vista Park,,,2014,588,,259,Sold,,,http://www.redfin.com/CA/San-Francisco/52-Alpine-Ter-94117/unit-2/home/56796650,San Francisco MLS,461982,N,Y,37.7696257,-122.4379602
PAST SALE,April-6-2018,Condo/Co-op,988 Fulton St #314,San Francisco,CA,94117,1150000,2,2.0,Western Addition,932,,1999,406,1234,477,Sold,,,http://www.redfin.com/CA/San-Francisco/988-Fulton-St-94117/unit-314/home/22854523,San Francisco MLS,467655,N,Y,37.778036,-122.4325115
PAST SALE,November-16-2018,Condo/Co-op,142 Beulah St,San Francisco,CA,94117,932419,2,1.0,Parnassus/Ashbury Heights,977,,1909,182,954,262,Sold,,,http://www.redfin.com/CA/San-Francisco/142-Beulah-St-94117/home/28890211,San Francisco MLS,477121,N,Y,37.7676128,-122.4523129
PAST SALE,August-7-2017,Condo/Co-op,417 Ashbury St,San Francisco,CA,94117,1475000,2,1.0,Haight Ashbury,1352,,1947,648,1091,,Sold,,,http://www.redfin.com/CA/San-Francisco/417-Ashbury-St-94117/home/1458823,San Francisco MLS,459251,N,Y,37.771558,-122.447424
PAST SALE,August-31-2018,Condo/Co-op,262 Downey St,San Francisco,CA,94117,1200000,2,2.0,Buena Vista Park,,,1928,259,,139,Sold,,,http://www.redfin.com/CA/San-Francisco/262-Downey-St-94117/home/143842638,San Francisco MLS,473416,N,Y,37.7642483,-122.4465049
PAST SALE,April-19-2019,Condo/Co-op,568 Belvedere St,San Francisco,CA,94117,1601250,2,1.5,San Francisco,1519,,1924,28,1054,250,Sold,,,http://www.redfin.com/CA/San-Francisco/568-Belvedere-St-94117/home/854080,Bridge MLS,40859982,N,Y,37.762381,-122.447591
PAST SALE,July-17-2018,Condo/Co-op,1982 Hayes St,San Francisco,CA,94117,1260000,2,1.0,North Panhandle,1160,,1908,304,1086,270,Sold,,,http://www.redfin.com/CA/San-Francisco/1982-Hayes-St-94117/home/69371360,San Francisco MLS,472087,N,Y,37.7737557,-122.4490273
PAST SALE,April-26-2019,Condo/Co-op,1851 Hayes St,San Francisco,CA,94117,1450000,2,1.0,North Panhandle,1236,,,21,1173,167,Sold,,,http://www.redfin.com/CA/San-Francisco/1851-Hayes-St-94117/home/1915596,San Francisco MLS,482949,N,Y,37.773611,-122.446951
PAST SALE,May-23-2017,Condo/Co-op,1118 Fell St #2,SAN FRANCISCO,CA,94117,710000,2,1.0,SAN FRANCISCO,2940,2500,1904,724,241,100,Sold,,,http://www.redfin.com/CA/San-Francisco/1118-Fell-St-94117/unit-2/home/108571056,MLSListings,ML81627054,N,Y,37.774449,-122.436405
PAST SALE,September-18-2017,Condo/Co-op,567 Page St,San Francisco,CA,94117,1445000,2,1.0,Hayes Valley,1213,,1900,606,1191,351,Sold,,,http://www.redfin.com/CA/San-Francisco/567-Page-St-94117/home/1771604,San Francisco MLS,458543,N,Y,37.7728585,-122.4300476
PAST SALE,August-31-2017,Condo/Co-op,620-622 Baker St #3,San Francisco,CA,94117,1075000,2,1.5,North Panhandle,,,1900,624,,336,Sold,,,http://www.redfin.com/CA/San-Francisco/620-Baker-St-94117/unit-3/home/1443939,San Francisco MLS,459338,N,Y,37.7769129,-122.4412403
PAST SALE,April-9-2018,Condo/Co-op,717 Clayton St,San Francisco,CA,94117,1555000,2,1.0,Haight Ashbury,1175,,1907,403,1323,,Sold,,,http://www.redfin.com/CA/San-Francisco/717-Clayton-St-94117/home/17305571,San Francisco MLS,467815,N,Y,37.7684152,-122.4485484
PAST SALE,,Condo/Co-op,798 Stanyan St #6,San Francisco,CA,94117,1560000,2,2.0,,,,2001,,,,,,,http://www.redfin.com/CA/San-Francisco/798-Stanyan-St-94117/unit-6/home/1513582,,,N,Y,37.76753,-122.4529586
PAST SALE,November-28-2018,Condo/Co-op,1708 Fell St #3,San Francisco,CA,94117,1300000,2,1.0,North Panhandle,,,1989,170,,200,Sold,,,http://www.redfin.com/CA/San-Francisco/1708-Fell-St-94117/unit-3/home/1507752,San Francisco MLS,476945,N,Y,37.7731192,-122.4463152
PAST SALE,November-28-2018,Condo/Co-op,941 Stanyan St,San Francisco,CA,94117,1615000,2,2.0,Parnassus/Ashbury Heights,1378,,1907,170,1172,,Sold,,,http://www.redfin.com/CA/San-Francisco/941-Stanyan-St-94117/home/69371295,San Francisco MLS,478107,N,Y,37.7658189,-122.4529639
PAST SALE,November-22-2017,Condo/Co-op,260 Downey St,San Francisco,CA,94117,1200000,2,2.0,Buena Vista Park,,,1907,541,,,Sold,,,http://www.redfin.com/CA/San-Francisco/260-Downey-St-94117/home/143819785,San Francisco MLS,462513,N,Y,37.7644195,-122.4464717
PAST SALE,July-18-2018,Condo/Co-op,1756 Grove St,San Francisco,CA,94117,1600000,2,2.0,North Panhandle,1559,,1920,303,1026,350,Sold,,,http://www.redfin.com/CA/San-Francisco/1756-Grove-St-94117/home/28890204,San Francisco MLS,471821,N,Y,37.7751646,-122.4455583
PAST SALE,November-16-2017,Condo/Co-op,264 Downey St,San Francisco,CA,94117,1210000,2,2.0,Buena Vista Park,,,1907,547,,,Sold,,,http://www.redfin.com/CA/San-Francisco/264-Downey-St-94117/home/148069276,San Francisco MLS,462515,N,Y,37.7640811,-122.4464716
PAST SALE,December-13-2018,Condo/Co-op,51 Downey St,San Francisco,CA,94117,1310000,2,1.0,Haight Ashbury,,,1908,155,,400,Sold,,,http://www.redfin.com/CA/San-Francisco/51-Downey-St-94117/home/601078,San Francisco MLS,477712,N,Y,37.7680457,-122.4475422
PAST SALE,December-31-2018,Condo/Co-op,1141 Cole St,San Francisco,CA,94117,1650000,2,2.0,Parnassus/Ashbury Heights,1240,,,137,1331,500,Sold,,,http://www.redfin.com/CA/San-Francisco/1141-Cole-St-94117/home/602110,San Francisco MLS,476835,N,Y,37.7633991,-122.4497755
PAST SALE,January-10-2019,Condo/Co-op,1335 Willard St,San Francisco,CA,94117,1235000,2,1.0,Parnassus/Ashbury Heights,1073,,1922,127,1151,250,Sold,,,http://www.redfin.com/CA/San-Francisco/1335-Willard-St-94117/home/1977855,San Francisco MLS,479843,N,Y,37.764672,-122.454584
PAST SALE,February-26-2019,Condo/Co-op,1701 Grove St #6,San Francisco,CA,94117,995000,2,1.0,North Panhandle,,,1913,80,,383,Sold,,,http://www.redfin.com/CA/San-Francisco/1701-Grove-94117/unit-6/home/148061434,San Francisco MLS,479733,N,Y,37.774933,-122.444756
PAST SALE,March-13-2019,Condo/Co-op,1673 Page St,San Francisco,CA,94117,1460000,2,1.5,Haight Ashbury,1429,,1901,65,1022,300,Sold,,,http://www.redfin.com/CA/San-Francisco/1673-Page-St-94117/home/40625790,San Francisco MLS,480756,N,Y,37.770645,-122.448281
PAST SALE,March-15-2019,Condo/Co-op,955 Clayton St #4,San Francisco,CA,94117,1655000,2,1.0,Buena Vista Park,1390,,,63,1191,374,Sold,,,http://www.redfin.com/CA/San-Francisco/955-Clayton-St-94117/unit-4/home/1804730,San Francisco MLS,480292,N,Y,37.7642976,-122.4476061
PAST SALE,March-22-2019,Condo/Co-op,1702 Fell St #2,San Francisco,CA,94117,1455000,2,2.0,North Panhandle,1373,,1989,56,1060,395,Sold,,,http://www.redfin.com/CA/San-Francisco/1702-Fell-St-94117/unit-2/home/980542,San Francisco MLS,480526,N,Y,37.7731365,-122.4461793
PAST SALE,May-6-2019,Condo/Co-op,553 Frederick St #301,San Francisco,CA,94117,1235000,2,2.0,Parnassus/Ashbury Heights,922,,1982,11,1339,310,Sold,,,http://www.redfin.com/CA/San-Francisco/553-Frederick-St-94117/unit-301/home/1172539,San Francisco MLS,483875,N,Y,37.7659855,-122.4537596
PAST SALE,August-11-2017,Condo/Co-op,36 Alma St,San Francisco,CA,94117,1690000,2,2.0,Parnassus/Ashbury Heights,1415,,1912,644,1194,125,Sold,,,http://www.redfin.com/CA/San-Francisco/36-Alma-St-94117/unit-A/home/602099,San Francisco MLS,460372,N,Y,37.7634849,-122.4487409
PAST SALE,,Condo/Co-op,230 Grattan St #3,San Francisco,CA,94117,,,,,,,,,,,Sold,,,http://www.redfin.com/CA/San-Francisco/230-Grattan-St-94117/unit-3/home/148072248,San Francisco MLS,,N,Y,37.76402,-122.451665
PAST SALE,May-24-2017,Condo/Co-op,115 Parnassus Ave,San Francisco,CA,94117,1450000,2,1.0,Parnassus/Ashbury Heights,1208,,1922,723,1200,300,Sold,,,http://www.redfin.com/CA/San-Francisco/115-Parnassus-Ave-94117/home/2010343,San Francisco MLS,457916,N,Y,37.7646197,-122.4503288
PAST SALE,July-26-2018,Condo/Co-op,1217 Cole St,San Francisco,CA,94117,1500000,2,1.0,Parnassus/Ashbury Heights,1020,,1908,295,1471,275,Sold,,,http://www.redfin.com/CA/San-Francisco/1217-Cole-St-94117/home/1109949,San Francisco MLS,471699,N,Y,37.762924,-122.449673
PAST SALE,December-29-2017,Condo/Co-op,1539 Shrader St,San Francisco,CA,94117,1590000,2,1.0,Parnassus/Ashbury Heights,1295,,1920,504,1228,200,Sold,,,http://www.redfin.com/CA/San-Francisco/1539-Shrader-St-94117/home/602889,San Francisco MLS,465348,N,Y,37.7608147,-122.4505812
PAST SALE,September-26-2018,Condo/Co-op,75 Carl St,San Francisco,CA,94117,1285000,2,1.0,Parnassus/Ashbury Heights,1490,,1909,233,862,,Sold,,,http://www.redfin.com/CA/San-Francisco/75-Carl-St-94117/home/146428108,San Francisco MLS,473737,N,Y,37.7657517,-122.4493114
PAST SALE,October-5-2018,Condo/Co-op,1373 Fulton St,San Francisco,CA,94117,960000,2,1.0,North Panhandle,,,1900,224,,325,Sold,,,http://www.redfin.com/CA/San-Francisco/1373-Fulton-St-94117/home/12402080,San Francisco MLS,475502,N,Y,37.7765289,-122.4393502
PAST SALE,December-12-2017,Condo/Co-op,1569 Grove,San Francisco,CA,94117,1353200,2,2.0,North Panhandle,,,1906,521,,295,Sold,,,http://www.redfin.com/CA/San-Francisco/1569-Grove-St-94117/home/122548171,San Francisco MLS,458794,N,Y,37.7752788,-122.4424386
PAST SALE,March-16-2018,Condo/Co-op,574 Waller St,San Francisco,CA,94114,1650000,2,1.0,Hayes Valley,1117,,1900,427,1477,388,Sold,,,http://www.redfin.com/CA/San-Francisco/574-Waller-St-94117/home/1288738,San Francisco MLS,467632,N,Y,37.7709324,-122.4333039
PAST SALE,November-22-2017,Condo/Co-op,560 Haight St #208,San Francisco,CA,94117,1800000,2,2.0,Hayes Valley,1750,,2001,541,1029,751,Sold,,,http://www.redfin.com/CA/San-Francisco/560-Haight-St-94117/unit-208/home/855717,San Francisco MLS,464099,N,Y,37.7723976,-122.4313883
PAST SALE,November-14-2017,Condo/Co-op,715 Page St,San Francisco,CA,94117,1550000,2,2.0,Hayes Valley,1254,,1912,549,1236,470,Sold,,,http://www.redfin.com/CA/San-Francisco/715-Page-St-94117/home/12402527,San Francisco MLS,463527,N,Y,37.772567,-122.432674
PAST SALE,May-18-2018,Condo/Co-op,1077 Page St,San Francisco,CA,94117,1600000,2,1.0,Haight Ashbury,1217,,,364,1315,200,Sold,,,http://www.redfin.com/CA/San-Francisco/1077-Page-St-94117/home/2006614,San Francisco MLS,469813,N,Y,37.771835,-122.438414
PAST SALE,September-7-2017,Condo/Co-op,700 Fell St #6,San Francisco,CA,94117,1350000,2,2.0,Alamo Square,1042,,,617,1296,450,Sold,,,http://www.redfin.com/CA/San-Francisco/700-Fell-St-94117/unit-6/home/1832395,San Francisco MLS,460731,N,Y,37.7753322,-122.4296315
PAST SALE,November-2-2018,Condo/Co-op,1498 Willard St,San Francisco,CA,94127,1650000,2,1.0,Parnassus/Ashbury Heights,1575,,1934,196,1048,,Sold,,,http://www.redfin.com/CA/San-Francisco/1498-Willard-St-94117/home/12309630,San Francisco MLS,476414,N,Y,37.7626763,-122.4538934
PAST SALE,July-27-2018,Condo/Co-op,1826 Page St,San Francisco,CA,94117,1500000,2,2.0,Haight Ashbury,1400,,1900,294,1071,369,Sold,,,http://www.redfin.com/CA/San-Francisco/1826-Page-St-94117/home/1356117,San Francisco MLS,471170,N,Y,37.770733,-122.450991
PAST SALE,October-15-2018,Condo/Co-op,1160 Stanyan St,San Francisco,CA,94117,1500000,2,1.5,Parnassus/Ashbury Heights,1125,,1909,214,1333,178,Sold,,,http://www.redfin.com/CA/San-Francisco/1160-Stanyan-St-94117/home/28939093,San Francisco MLS,476079,N,Y,37.763146,-122.451992
PAST SALE,December-19-2018,Condo/Co-op,1930 Hayes St #3,San Francisco,CA,94117,1100000,2,1.5,North Panhandle,859,,1980,149,1281,250,Sold,,,http://www.redfin.com/CA/San-Francisco/1930-Hayes-St-94117/unit-3/home/1826313,San Francisco MLS,479694,N,Y,37.7739379,-122.4483507
PAST SALE,September-14-2018,Condo/Co-op,926 Grove St #6,SAN FRANCISCO,CA,94117,1394000,2,1.5,SAN FRANCISCO,1130,8619,2004,245,1234,534,Sold,,,http://www.redfin.com/CA/San-Francisco/926-Grove-St-94117/unit-6/home/1399575,MLSListings,ML81719391,N,Y,37.7769387,-122.4321459
PAST SALE,August-3-2017,Condo/Co-op,351 Waller St,San Francisco,CA,94117,1675000,2,1.5,Hayes Valley,1724,,1906,652,972,,Sold,,,http://www.redfin.com/CA/San-Francisco/351-Waller-St-94117/home/17306741,San Francisco MLS,460385,N,Y,37.771093,-122.429445
PAST SALE,,Condo/Co-op,52 Alpine Ter #1,San Francisco,CA,94117,1601000,2,2.0,,,,2014,,,,,,,http://www.redfin.com/CA/San-Francisco/52-Alpine-Ter-94117/unit-1/home/109687076,,,N,Y,37.7696257,-122.4379602
PAST SALE,May-23-2017,Condo/Co-op,355 Buena Vista Ave Unit 512W,San Francisco,CA,94117,1025000,2,2.0,Buena Vista Park,1030,,1986,724,995,759,Sold,,,http://www.redfin.com/CA/San-Francisco/355-Buena-Vista-Ave-E-94117/unit-512W/home/113433063,San Francisco MLS,455716,N,Y,37.7671808,-122.4401329
PAST SALE,July-10-2018,Condo/Co-op,1057 Haight St,San Francisco,CA,94117,1320000,2,2.0,Haight Ashbury,,,1965,311,,210,Sold,,,http://www.redfin.com/CA/San-Francisco/1057-Haight-St-94117/home/1967458,San Francisco MLS,471901,N,Y,37.7707739,-122.4395244
PAST SALE,March-23-2018,Condo/Co-op,1667 Grove St,San Francisco,CA,94117,1500000,2,1.25,North Panhandle,1260,,1900,420,1190,317,Sold,,,http://www.redfin.com/CA/San-Francisco/1667-Grove-St-94117/home/1988780,San Francisco MLS,468923,N,Y,37.7750856,-122.4440036
PAST SALE,August-10-2018,Condo/Co-op,1 Baker St Unit 6C,San Francisco,CA,94117,1510000,2,2.0,Haight Ashbury,1337,,1982,280,1129,790,Sold,,,http://www.redfin.com/CA/San-Francisco/1-Baker-St-94117/unit-6C/home/1163029,San Francisco MLS,472979,N,Y,37.770968,-122.4407319
PAST SALE,February-23-2018,Condo/Co-op,138 Scott St,San Francisco,CA,94117,1600000,2,2.0,Hayes Valley,1604,,1900,448,998,,Sold,,,http://www.redfin.com/CA/San-Francisco/138-Scott-St-94117/home/1515021,San Francisco MLS,466620,N,Y,37.7711186,-122.4352059
PAST SALE,October-12-2017,Condo/Co-op,263 Central Ave,San Francisco,CA,94117,1175000,2,1.25,Haight Ashbury,1621,,1908,582,725,394,Sold,,,http://www.redfin.com/CA/San-Francisco/263-Central-Ave-94117/home/2033359,San Francisco MLS,462722,N,Y,37.7720961,-122.4441792
PAST SALE,,Condo/Co-op,135 Buena Vista Ave E #2,San Francisco,CA,94117,1180000,2,1.0,,,,1908,,,,,,,http://www.redfin.com/CA/San-Francisco/135-Buena-Vista-Ave-E-94117/unit-2/home/35604158,,,N,Y,37.7697388,-122.4384572
PAST SALE,December-18-2018,Condo/Co-op,335 Pierce St,San Francisco,CA,94117,1595000,2,2.0,Hayes Valley,1200,,1895,150,1329,200,Sold,,,http://www.redfin.com/CA/San-Francisco/335-Pierce-St-94117/home/1096899,San Francisco MLS,478420,N,Y,37.773116,-122.434328
PAST SALE,February-28-2019,Condo/Co-op,587 Buena Vista Ave W,San Francisco,CA,94117,1680000,2,1.5,Buena Vista Park,1364,,1929,78,1232,,Sold,,,http://www.redfin.com/CA/San-Francisco/587-Buena-Vista-Ave-W-94117/home/1985283,San Francisco MLS,480523,N,Y,37.766596,-122.443821
PAST SALE,December-28-2018,Condo/Co-op,334 Pierce St,San Francisco,CA,94117,1815000,2,1.0,Hayes Valley,1600,,,140,1134,300,Sold,,,http://www.redfin.com/CA/San-Francisco/334-Pierce-St-94117/home/109684934,San Francisco MLS,479048,N,Y,37.7731151,-122.4338953
PAST SALE,March-1-2019,Condo/Co-op,829 A Oak,San Francisco,CA,94117,1078000,2,2.0,Hayes Valley,,,,77,,275,Sold,,,http://www.redfin.com/CA/San-Francisco/829-A-Oak-St-94117/home/148703122,San Francisco MLS,479283,N,Y,37.7734785,-122.4330328
PAST SALE,March-1-2019,Condo/Co-op,829 Oak St Unit B,SAN FRANCISCO,CA,94117,899000,2,2.0,SAN FRANCISCO,816,,1900,77,1102,138,Sold,,,http://www.redfin.com/CA/San-Francisco/829-Oak-St-94117/unit-B/home/147937399,MLSListings,ML81729662,N,Y,37.7734785,-122.4330328
PAST SALE,April-4-2018,Condo/Co-op,355 Buena Vista Ave Unit 210W,San Francisco,CA,94117,1280000,2,2.0,Buena Vista Park,1073,,,408,1193,794,Sold,,,http://www.redfin.com/CA/San-Francisco/355-Buena-Vista-Ave-E-94117/unit-210W/home/148059203,San Francisco MLS,468053,N,Y,37.7671808,-122.4401329
PAST SALE,October-31-2017,Condo/Co-op,230 Laussat St,San Francisco,CA,94117,1100000,2,1.0,Hayes Valley,969,,1890,563,1135,300,Sold,,,http://www.redfin.com/CA/San-Francisco/230-Laussat-St-94117/home/148059984,San Francisco MLS,462170,N,Y,37.7716788,-122.4309126
PAST SALE,July-14-2017,Condo/Co-op,725 Fell St #8,San Francisco,CA,94117,1075300,2,2.5,Alamo Square,930,,1990,672,1156,455,Sold,,,http://www.redfin.com/CA/San-Francisco/725-Fell-St-94117/unit-8/home/2030653,San Francisco MLS,457623,N,Y,37.7747683,-122.429821
PAST SALE,March-29-2018,Condo/Co-op,430 Fillmore St Unit A,San Francisco,CA,94117,1175000,2,2.0,Hayes Valley,1141,,1988,414,1030,200,Sold,,,http://www.redfin.com/CA/San-Francisco/430-Fillmore-St-94117/unit-A/home/1375101,San Francisco MLS,465121,N,Y,37.773547281845055,-122.43063053780219
PAST SALE,June-11-2018,Condo/Co-op,350 Broderick St #304,San Francisco,CA,94117,1505000,2,2.0,North Panhandle,1243,,2007,340,1211,464,Sold,,,http://www.redfin.com/CA/San-Francisco/350-Broderick-St-94117/unit-304/home/22898535,San Francisco MLS,470793,N,Y,37.7734397,-122.4387558
PAST SALE,November-9-2017,Condo/Co-op,560 Haight St #107,San Francisco,CA,94117,1725000,2,2.5,Hayes Valley,2075,,,554,831,874,Sold,,,http://www.redfin.com/CA/San-Francisco/560-Haight-St-94117/unit-107/home/854256,San Francisco MLS,462389,N,Y,37.7723976,-122.4313883
PAST SALE,February-23-2018,Condo/Co-op,46 Ashbury St,San Francisco,CA,94117,1679000,2,2.0,North Panhandle,1499,,1917,448,1120,,Sold,,,http://www.redfin.com/CA/San-Francisco/46-Ashbury-St-94117/home/11893128,San Francisco MLS,465219,N,Y,37.7749648,-122.4476748
PAST SALE,March-1-2018,Condo/Co-op,527 Central Ave #1,San Francisco,CA,94117,1580000,2,2.0,North Panhandle,1470,,1914,442,1075,300,Sold,,,http://www.redfin.com/CA/San-Francisco/527-Central-Ave-94117/unit-1/home/1987611,San Francisco MLS,466610,N,Y,37.7745449,-122.4448169
PAST SALE,November-13-2018,Condo/Co-op,1727 Grove St,San Francisco,CA,94117,1460000,2,2.0,North Panhandle,1135,,1911,185,1286,200,Sold,,,http://www.redfin.com/CA/San-Francisco/1727-Grove-St-94117/home/11743056,San Francisco MLS,477312,N,Y,37.7749267,-122.4449575
PAST SALE,,Condo/Co-op,550 Stanyan St #1,San Francisco,CA,94117,1100000,,,,,,2000,,,,,,,http://www.redfin.com/CA/San-Francisco/550-Stanyan-St-94117/unit-1/home/854442,,,N,Y,37.7724295,-122.4538123
PAST SALE,August-15-2017,Condo/Co-op,1058 Haight St #1,San Francisco,CA,94117,1320000,2,2.0,Haight Ashbury,1063,,1994,640,1242,240,Sold,,,http://www.redfin.com/CA/San-Francisco/1058-Haight-St-94117/unit-1/home/882426,San Francisco MLS,460302,N,Y,37.7711593,-122.4398623
PAST SALE,March-27-2018,Condo/Co-op,1090 Page St #1,San Francisco,CA,94117,1305000,2,1.0,Haight Ashbury,828,,1980,416,1576,193,Sold,,,http://www.redfin.com/CA/San-Francisco/1090-Page-St-94117/unit-1/home/597792,San Francisco MLS,468096,N,Y,37.7722642,-122.4387028
PAST SALE,June-26-2018,Condo/Co-op,890 Steiner St,San Francisco,CA,94117,930000,2,1.0,Alamo Square,1305,,1890,325,713,135,Sold,,,http://www.redfin.com/CA/San-Francisco/890-Steiner-St-94117/home/578433,San Francisco MLS,470311,N,Y,37.777324,-122.432872
PAST SALE,May-25-2018,Condo/Co-op,355 Buena Vista Ave E Unit 112W,San Francisco,CA,94117,1375000,2,2.0,Buena Vista Park,,,1986,357,,819,Sold,,,http://www.redfin.com/CA/San-Francisco/355-Buena-Vista-Ave-E-94117/unit-112W/home/102815815,San Francisco MLS,471515,N,Y,37.7671808,-122.4401329
PAST SALE,,Condo/Co-op,355 Buena Vista Ave E #210,San Francisco,CA,94117,1280000,2,2.0,,,,1986,,,,,,,http://www.redfin.com/CA/San-Francisco/355-Buena-Vista-Ave-E-94117/unit-210/home/668321,,,N,Y,37.7671808,-122.4401329
PAST SALE,October-31-2017,Condo/Co-op,543 Central Ave,San Francisco,CA,94117,1350000,2,1.0,North Panhandle,,,1910,563,,237,Sold,,,http://www.redfin.com/CA/San-Francisco/543-Central-Ave-94117/home/40138248,San Francisco MLS,463037,N,Y,37.7747741,-122.444667
PAST SALE,November-19-2018,Condo/Co-op,350 Broderick St #316,San Francisco,CA,94117,1285000,2,2.0,North Panhandle,1070,,2007,179,1201,439,Sold,,,http://www.redfin.com/CA/San-Francisco/350-Broderick-St-94117/unit-316/home/12196727,San Francisco MLS,475906,N,Y,37.7734397,-122.4387558
PAST SALE,July-11-2018,Condo/Co-op,1735 Grove St,San Francisco,CA,94117,1420000,2,1.0,North Panhandle,1262,,1913,310,1125,250,Sold,,,http://www.redfin.com/CA/San-Francisco/1735-Grove-St-94117/home/850406,San Francisco MLS,471121,N,Y,37.774732,-122.445119
PAST SALE,April-25-2019,Condo/Co-op,1990 Hayes St,San Francisco,CA,94117,1490000,2,2.0,North Panhandle,1067,,1996,22,1396,200,Sold,,,http://www.redfin.com/CA/San-Francisco/Unknown-94117/home/1804595,San Francisco MLS,482732,N,Y,37.7717185,-122.4438929
PAST SALE,November-8-2017,Condo/Co-op,1228 Grove St #2,San Francisco,CA,94117,1015000,2,1.0,Alamo Square,866,,1917,555,1172,350,Sold,,,http://www.redfin.com/CA/San-Francisco/1228-Grove-St-94117/unit-2/home/1313752,San Francisco MLS,463481,N,Y,37.7763068,-122.4369097
PAST SALE,,Condo/Co-op,567 Page St,San Francisco,CA,94117,1445000,2,1.0,,,,1900,,,,,,,http://www.redfin.com/CA/San-Francisco/567-Page-St-94117/home/110032796,,,N,Y,37.7728585,-122.4300476
PAST SALE,September-1-2017,Condo/Co-op,988 Fulton St #320,San Francisco,CA,94117,955000,2,2.0,Western Addition,900,,1999,623,1061,477,Sold,,,http://www.redfin.com/CA/San-Francisco/988-Fulton-St-94117/unit-320/home/22886998,San Francisco MLS,460758,N,Y,37.778036,-122.4325115
PAST SALE,October-5-2017,Condo/Co-op,465 Waller St,San Francisco,CA,94117,1420000,2,2.0,Hayes Valley,1350,,1908,589,1052,391,Sold,,,http://www.redfin.com/CA/San-Francisco/465-Waller-St-94117/home/143813439,San Francisco MLS,462550,N,Y,37.7708394,-122.4312629
PAST SALE,April-19-2018,Condo/Co-op,350 Broderick St #315,San Francisco,CA,94117,1250000,2,2.0,North Panhandle,970,,2007,393,1289,439,Sold,,,http://www.redfin.com/CA/San-Francisco/350-Broderick-St-94117/unit-315/home/22855017,San Francisco MLS,472890,N,Y,37.7735294,-122.4388653
PAST SALE,September-21-2018,Condo/Co-op,133 Ashbury St,San Francisco,CA,94117,1325000,2,1.0,North Panhandle,1031,,1921,238,1285,400,Sold,,,http://www.redfin.com/CA/San-Francisco/133-Ashbury-St-94117/home/146588360,San Francisco MLS,474308,N,Y,37.774152,-122.4479375
PAST SALE,October-17-2018,Condo/Co-op,1058 Haight St #2,San Francisco,CA,94117,1450000,2,2.0,Haight Ashbury,1306,,1994,212,1110,240,Sold,,,http://www.redfin.com/CA/San-Francisco/1058-Haight-St-94117/unit-2/home/598303,San Francisco MLS,475467,N,Y,37.7711593,-122.4398623
PAST SALE,June-8-2017,Condo/Co-op,560 Haight St #103,San Francisco,CA,94117,1325000,2,2.0,Hayes Valley,1385,,,708,957,653,Sold,,,http://www.redfin.com/CA/San-Francisco/560-Haight-St-94117/unit-103/home/2002525,San Francisco MLS,457438,N,Y,37.7723976,-122.4313883
PAST SALE,May-30-2017,Condo/Co-op,235 Laussat St,San Francisco,CA,94117,1087500,2,2.0,Hayes Valley,1400,,1890,717,777,350,Sold,,,http://www.redfin.com/CA/San-Francisco/235-Laussat-St-94117/home/113899022,San Francisco MLS,457868,N,Y,37.771499,-122.4309977
PAST SALE,April-11-2018,Condo/Co-op,1683 Page St,San Francisco,CA,94117,1572000,2,1.0,Haight Ashbury,1325,,1901,401,1186,302,Sold,,,http://www.redfin.com/CA/San-Francisco/1683-Page-St-94117/home/17306347,San Francisco MLS,468641,N,Y,37.7706206,-122.4484555
PAST SALE,December-20-2017,Condo/Co-op,1236 Willard St,San Francisco,CA,94117,1070000,2,1.25,Parnassus/Ashbury Heights,,,1900,513,,200,Sold,,,http://www.redfin.com/CA/San-Francisco/1236-Willard-St-94117/home/108981791,San Francisco MLS,463453,N,Y,37.7656765,-122.4542734
PAST SALE,March-21-2018,Condo/Co-op,226-228 Carl St #228,San Francisco,CA,94117,1575000,2,2.0,Parnassus/Ashbury Heights,1458,,1937,422,1080,,Sold,,,http://www.redfin.com/CA/San-Francisco/226-Carl-St-94117/unit-228/home/144727324,San Francisco MLS,466358,N,Y,37.7655523,-122.4533538
PAST SALE,July-13-2018,Condo/Co-op,1225 Waller St,San Francisco,CA,94117,1080000,2,1.0,Buena Vista Park,1483,,1900,308,728,227,Sold,,,http://www.redfin.com/CA/San-Francisco/1225-Waller-St-94117/home/1031444,San Francisco MLS,469457,N,Y,37.769213,-122.4438707
PAST SALE,June-1-2017,Condo/Co-op,1209 Cole St,San Francisco,CA,94117,1700000,2,1.25,Parnassus/Ashbury Heights,1568,,1922,715,1084,,Sold,,,http://www.redfin.com/CA/San-Francisco/1209-Cole-St-94117/home/602606,San Francisco MLS,457668,N,Y,37.7629919,-122.449687
PAST SALE,June-9-2017,Condo/Co-op,356 Roosevelt Way,San Francisco,CA,94114,1025000,2,1.0,Corona Heights,,,1975,707,,225,Sold,,,http://www.redfin.com/CA/San-Francisco/356-Roosevelt-Way-94114/home/12277526,San Francisco MLS,457730,N,Y,37.765486,-122.442415
PAST SALE,December-21-2017,Condo/Co-op,238 Divisadero St Unit B,San Francisco,CA,94117,850000,2,1.0,Hayes Valley,846,,1900,512,1005,,Sold,,,http://www.redfin.com/CA/San-Francisco/238-Divisadero-St-94117/unit-B/home/144288234,San Francisco MLS,464558,N,Y,37.7710522,-122.4367533
PAST SALE,May-31-2018,Condo/Co-op,350 Broderick St #303,San Francisco,CA,94117,1386200,2,2.0,North Panhandle,1071,,2007,351,1294,439,Sold,,,http://www.redfin.com/CA/San-Francisco/350-Broderick-St-94117/unit-303/home/14884579,San Francisco MLS,469555,N,Y,37.7734397,-122.4387558
PAST SALE,July-12-2018,Condo/Co-op,1930 Hayes St #4,San Francisco,CA,94117,1125000,2,1.5,North Panhandle,815,,1980,309,1380,250,Sold,,,http://www.redfin.com/CA/San-Francisco/1930-Hayes-St-94117/unit-4/home/1859628,San Francisco MLS,470166,N,Y,37.7739379,-122.4483507
PAST SALE,October-18-2018,Condo/Co-op,914 Stanyan St,San Francisco,CA,94117,1375000,2,2.0,Parnassus/Ashbury Heights,1479,,1906,211,930,300,Sold,,,http://www.redfin.com/CA/San-Francisco/914-Stanyan-St-94117/home/1467949,San Francisco MLS,474239,N,Y,37.766155,-122.452562
PAST SALE,April-19-2018,Condo/Co-op,615 Central Ave,San Francisco,CA,94117,1575000,2,1.0,North Panhandle,1520,,1916,393,1036,350,Sold,,,http://www.redfin.com/CA/San-Francisco/615-Central-Ave-94117/home/52059223,San Francisco MLS,468922,N,Y,37.77531,-122.444916
PAST SALE,November-28-2018,Condo/Co-op,955 Clayton St #1,San Francisco,CA,94117,1775000,2,2.0,Buena Vista Park,1986,,1904,170,894,478,Sold,,,http://www.redfin.com/CA/San-Francisco/955-Clayton-St-94117/unit-1/home/147501345,San Francisco MLS,475319,N,Y,37.7642979,-122.447606
PAST SALE,,Condo/Co-op,355 Buena Vista Ave E #112,San Francisco,CA,94117,1375000,2,2.0,,,,1986,,,,,,,http://www.redfin.com/CA/San-Francisco/355-Buena-Vista-Ave-E-94117/unit-112/home/1002641,,,N,Y,37.7671808,-122.4401329
PAST SALE,October-30-2018,Condo/Co-op,360 Fillmore St #3,San Francisco,CA,94117,900000,2,1.0,Hayes Valley,741,,1989,199,1215,200,Sold,,,http://www.redfin.com/CA/San-Francisco/360-Fillmore-St-94117/unit-3/home/147297129,San Francisco MLS,476658,N,Y,37.7727963,-122.4302899
PAST SALE,July-28-2017,Condo/Co-op,221 Steiner St,San Francisco,CA,94117,1342000,2,1.0,Hayes Valley,1525,,1900,658,880,500,Sold,,,http://www.redfin.com/CA/San-Francisco/221-Steiner-St-94117/home/579377,San Francisco MLS,457214,N,Y,37.771257,-122.432269
PAST SALE,December-12-2017,Condo/Co-op,544 Waller St #2,San Francisco,CA,94117,820000,2,1.0,Hayes Valley,832,,1982,521,986,162,Sold,,,http://www.redfin.com/CA/San-Francisco/544-Waller-St-94117/unit-2/home/1340656,San Francisco MLS,464000,N,Y,37.771145,-122.4327382
PAST SALE,July-11-2018,Condo/Co-op,4756 17th St,San Francisco,CA,94117,1700000,2,1.0,Parnassus/Ashbury Heights,1400,,1908,310,1214,411,Sold,,,http://www.redfin.com/CA/San-Francisco/4756-17th-St-94117/home/98272292,San Francisco MLS,471574,N,Y,37.7617891,-122.4488515
PAST SALE,May-23-2017,Condo/Co-op,1118 Fell St #2,San Francisco,CA,94117,710000,2,1.25,Alamo Square,960,,1904,724,740,100,Sold,,,http://www.redfin.com/CA/San-Francisco/1118-Fell-St-94117/unit-2/home/597322,San Francisco MLS,448918,N,Y,37.774449,-122.436405
PAST SALE,September-14-2017,Condo/Co-op,557 Fillmore St #4,San Francisco,CA,94117,1020000,2,2.0,Alamo Square,1000,3000,1900,610,1020,446,Sold,,,http://www.redfin.com/CA/San-Francisco/557-Fillmore-St-94117/unit-4/home/1999361,San Francisco MLS,461041,N,Y,37.7745713,-122.4311747
PAST SALE,September-8-2017,Condo/Co-op,210 Broderick St #2,San Francisco,CA,94117,625000,2,1.0,Haight Ashbury,,,1900,616,,,Sold,,,http://www.redfin.com/CA/San-Francisco/210-Broderick-St-94117/unit-2/home/1627681,San Francisco MLS,455362,N,Y,37.772456,-122.4386981
PAST SALE,December-12-2018,Condo/Co-op,502 Clayton St,San Francisco,CA,94117,1440000,2,1.0,Haight Ashbury,1418,,1901,156,1016,315,Sold,,,http://www.redfin.com/CA/San-Francisco/502-Clayton-St-94117/home/17305645,San Francisco MLS,478203,N,Y,37.77062,-122.448474
PAST SALE,November-6-2017,Condo/Co-op,708 Haight St,San Francisco,CA,94117,1500000,2,2.0,Hayes Valley,1463,,1997,557,1025,250,Sold,,,http://www.redfin.com/CA/San-Francisco/708-Haight-St-94117/home/1460226,San Francisco MLS,461311,N,Y,37.7719457,-122.4341088
PAST SALE,August-30-2017,Condo/Co-op,1828 Page St,San Francisco,CA,94117,1441000,2,2.0,Haight Ashbury,,,1900,625,,326,Sold,,,http://www.redfin.com/CA/San-Francisco/1828-Page-St-94117/home/2032810,San Francisco MLS,461450,N,Y,37.770733,-122.450991
PAST SALE,June-30-2017,Condo/Co-op,950 Steiner St #3,San Francisco,CA,94117,1210000,2,1.0,Western Addition,1158,,1900,686,1045,321,Sold,,,http://www.redfin.com/CA/San-Francisco/950-Steiner-St-94117/unit-3/home/12196113,San Francisco MLS,454242,N,Y,37.7782627,-122.4332097
PAST SALE,September-26-2018,Condo/Co-op,1832 Page St #1,San Francisco,CA,94117,1000000,2,2.0,Haight Ashbury,982,,,233,1018,403,Sold,,,http://www.redfin.com/CA/San-Francisco/1832-Page-St-94117/unit-1/home/18972475,San Francisco MLS,474918,N,Y,37.7706724,-122.4510696
PAST SALE,November-1-2017,Condo/Co-op,730 Shrader St,San Francisco,CA,94117,1070000,2,1.0,Parnassus/Ashbury Heights,,,1905,562,,150,Sold,,,http://www.redfin.com/CA/San-Francisco/730-Shrader-St-94117/unit-728/home/78386049,San Francisco MLS,462823,N,Y,37.7679541,-122.4513461
PAST SALE,August-15-2017,Condo/Co-op,12 Woodland Ave #1,San Francisco,CA,94117,925000,2,1.0,Parnassus/Ashbury Heights,810,,1903,640,1142,100,Sold,,,http://www.redfin.com/CA/San-Francisco/12-Woodland-Ave-94117/unit-1/home/671291,San Francisco MLS,460143,N,Y,37.7640889,-122.4532075
PAST SALE,September-27-2018,Condo/Co-op,280 Carl,San Francisco,CA,94117,1625000,2,2.0,Parnassus/Ashbury Heights,1444,2500,1900,232,1125,216,Sold,,,http://www.redfin.com/CA/San-Francisco/280-Carl-St-94117/home/12277467,San Francisco MLS,476800,N,Y,37.7655035,-122.4541083
PAST SALE,September-18-2017,Condo/Co-op,146 Beulah St,San Francisco,CA,94117,1350000,2,1.0,Parnassus/Ashbury Heights,1041,,1900,606,1297,218,Sold,,,http://www.redfin.com/CA/San-Francisco/146-Beulah-St-94117/home/28890213,San Francisco MLS,461104,N,Y,37.7676011,-122.4523121
PAST SALE,June-25-2018,Condo/Co-op,159 Clifford Ter,San Francisco,CA,94117,1235000,2,2.0,Buena Vista Park,1106,,1926,326,1117,345,Sold,,,http://www.redfin.com/CA/San-Francisco/159-Clifford-Ter-94117/home/671122,San Francisco MLS,468459,N,Y,37.7638981,-122.445385
PAST SALE,March-19-2018,Condo/Co-op,1701 Page St #1,San Francisco,CA,94117,1125000,2,1.0,Haight Ashbury,950,,1900,424,1184,250,Sold,,,http://www.redfin.com/CA/San-Francisco/1701-Page-St-94117/unit-1/home/859711,San Francisco MLS,466963,N,Y,37.7705486,-122.4490198
PAST SALE,May-25-2017,Condo/Co-op,232 Hermann St,San Francisco,CA,94117,1665000,2,1.0,Hayes Valley,1280,,1900,722,1301,335,Sold,,,http://www.redfin.com/CA/San-Francisco/232-Hermann-St-94117/home/110051548,San Francisco MLS,457408,N,Y,37.7705681,-122.4290718
PAST SALE,June-29-2018,Condo/Co-op,1171 Oak St #4,San Francisco,CA,94117,1200000,2,2.0,Haight Ashbury,,,,322,,403,Sold,,,http://www.redfin.com/CA/San-Francisco/1171-Oak-St-94117/unit-4/home/148068491,San Francisco MLS,470144,N,Y,37.772708,-122.43853
PAST SALE,April-26-2018,Condo/Co-op,1 Baker St Unit 5B,San Francisco,CA,94117,1225000,2,2.0,Haight Ashbury,1337,,1982,386,916,790,Sold,,,http://www.redfin.com/CA/San-Francisco/1-Baker-St-94117/unit-5B/home/1931665,San Francisco MLS,468334,N,Y,37.770968,-122.4407319
PAST SALE,August-25-2017,Condo/Co-op,1335 Fulton St #301,San Francisco,CA,94117,1250000,2,1.5,North Panhandle,,,2007,630,,550,Sold,,,http://www.redfin.com/CA/San-Francisco/1335-Fulton-St-94117/unit-301/home/12298623,San Francisco MLS,460635,N,Y,37.7765382,-122.4388301
PAST SALE,July-12-2017,Condo/Co-op,350 Broderick St #405,San Francisco,CA,94117,1205000,2,2.0,North Panhandle,,,2007,674,,426,Sold,,,http://www.redfin.com/CA/San-Francisco/350-Broderick-St-94117/unit-405/home/22889850,San Francisco MLS,459131,N,Y,37.7734397,-122.4387558
PAST SALE,April-12-2019,Condo/Co-op,4758 17th St,San Francisco,CA,94117,1500000,2,1.0,Parnassus/Ashbury Heights,1310,1320,1905,35,1145,398,Sold,,,http://www.redfin.com/CA/San-Francisco/4758-17th-St-94117/home/110052401,San Francisco MLS,482572,N,Y,37.7617886,-122.4488645
PAST SALE,November-5-2018,Condo/Co-op,140 Beulah St,San Francisco,CA,94117,1100000,2,1.5,Parnassus/Ashbury Heights,1025,,,193,1073,262,Sold,,,http://www.redfin.com/CA/San-Francisco/140-Beulah-St-94117/home/28890212,San Francisco MLS,472483,N,Y,37.7676128,-122.4523129
PAST SALE,April-13-2018,Condo/Co-op,1317 Cole St,San Francisco,CA,94117,1650000,2,1.0,Parnassus/Ashbury Heights,1542,,1909,399,1070,300,Sold,,,http://www.redfin.com/CA/San-Francisco/1317-Cole-St-94117/home/17306288,San Francisco MLS,468118,N,Y,37.762229,-122.449533
PAST SALE,March-26-2019,Condo/Co-op,324 Scott St #1,San Francisco,CA,94117,1620000,2,1.5,Hayes Valley,1225,,1904,52,1322,249,Sold,,,http://www.redfin.com/CA/San-Francisco/324-Scott-St-94117/unit-1/home/1935180,San Francisco MLS,481379,N,Y,37.7728477,-122.4353464
PAST SALE,April-25-2019,Condo/Co-op,235 Pierce St,San Francisco,CA,94117,1400000,2,1.0,Hayes Valley,1500,,1895,22,933,,Sold,,,http://www.redfin.com/CA/San-Francisco/235-Pierce-St-94117/home/114083619,San Francisco MLS,481607,N,Y,37.77215,-122.434133
PAST SALE,,Condo/Co-op,355 Buena Vista Ave E #512,San Francisco,CA,94117,1025000,2,2.0,,,,1986,,,,,,,http://www.redfin.com/CA/San-Francisco/355-Buena-Vista-Ave-E-94117/unit-512/home/1848001,,,N,Y,37.7671808,-122.4401329
PAST SALE,December-29-2017,Condo/Co-op,355 Buena Vista Ave Unit 404W,San Francisco,CA,94117,1399000,2,2.0,Buena Vista Park,,,1986,504,,765,Sold,,,http://www.redfin.com/CA/San-Francisco/355-Buena-Vista-Ave-E-94117/unit-404W/home/148059237,San Francisco MLS,465271,N,Y,37.7671808,-122.4401329
PAST SALE,December-11-2017,Condo/Co-op,192 Downey St,San Francisco,CA,94117,1456000,2,1.25,Buena Vista Park,1145,,1900,522,1272,200,Sold,,,http://www.redfin.com/CA/San-Francisco/192-Downey-St-94117/home/871482,San Francisco MLS,464122,N,Y,37.7655306,-122.4466546
PAST SALE,March-29-2019,Condo/Co-op,1011 Clayton St,San Francisco,CA,94117,1720000,2,1.0,Buena Vista Park,1355,,1933,49,1269,165,Sold,,,http://www.redfin.com/CA/San-Francisco/1011-Clayton-St-94117/home/1077130,San Francisco MLS,480630,N,Y,37.7636708,-122.4473652
PAST SALE,June-21-2017,Condo/Co-op,1130 Shrader St #2,San Francisco,CA,94117,1250000,2,2.0,Parnassus/Ashbury Heights,1082,,1923,695,1155,306,Sold,,,http://www.redfin.com/CA/San-Francisco/1130-Shrader-St-94117/unit-2/home/109689326,San Francisco MLS,458656,N,Y,37.7642504,-122.4508437
PAST SALE,March-26-2019,Condo/Co-op,1169 Stanyan St,San Francisco,CA,94117,2300000,2,2.0,Parnassus/Ashbury Heights,1290,,,52,1783,350,Sold,,,http://www.redfin.com/CA/San-Francisco/1169-Stanyan-St-94117/home/147064174,San Francisco MLS,480261,N,Y,37.7628723,-122.4523703
PAST SALE,May-9-2018,Condo/Co-op,1731 Grove,SAN FRANCISCO,CA,94117,1700000,2,2.0,SAN FRANCISCO,1400,,1911,373,1214,300,Sold,,,http://www.redfin.com/CA/San-Francisco/1731-Grove-St-94117/home/1870280,MLSListings,ML81701638,N,Y,37.774781,-122.445008
PAST SALE,May-15-2018,Condo/Co-op,708 Masonic Ave,San Francisco,CA,94117,1350000,2,1.5,North Panhandle,1248,,1914,367,1082,242,Sold,,,http://www.redfin.com/CA/San-Francisco/708-Masonic-Ave-94117/home/864547,San Francisco MLS,469793,N,Y,37.7747083,-122.4459387
PAST SALE,May-9-2018,Condo/Co-op,2040 Fell St #12,San Francisco,CA,94117,1365000,2,1.0,North Panhandle,1593,,1925,373,857,571,Sold,,,http://www.redfin.com/CA/San-Francisco/2040-Fell-St-94117/unit-12/home/1953784,San Francisco MLS,469130,N,Y,37.772597,-122.451587
PAST SALE,,Condo/Co-op,1046 14th St Unit C,San Francisco,CA,94114,1087500,,6.0,,,,1907,,,,,,,http://www.redfin.com/CA/San-Francisco/1046-14th-St-94114/unit-C/home/924565,,,N,Y,37.7674672,-122.4368888
PAST SALE,October-22-2018,Condo/Co-op,1792 Page St,SAN FRANCISCO,CA,94117,1637000,2,1.0,SAN FRANCISCO,1319,2495,1900,207,1241,200,Sold,,,http://www.redfin.com/CA/San-Francisco/1792-Page-St-94117/home/147222119,MLSListings,ML81724782,N,Y,37.7707656,-122.4502325
PAST SALE,August-11-2017,Condo/Co-op,52 Alpine Ter #1,San Francisco,CA,94117,1600787,2,2.0,Buena Vista Park,,,2014,644,,234,Sold,,,http://www.redfin.com/CA/San-Francisco/52-Alpine-Ter-94117/unit-1/home/56827844,San Francisco MLS,459893,N,Y,37.7696257,-122.4379602
PAST SALE,April-13-2018,Condo/Co-op,51 1/2 Alpine Ter,San Francisco,CA,94117,900000,2,1.0,Buena Vista Park,,,1904,399,,261,Sold,,,http://www.redfin.com/CA/San-Francisco/51-1-2-Alpine-Ter-94117/home/144882131,San Francisco MLS,463637,N,Y,37.7696391,-122.4374435
PAST SALE,January-29-2018,Condo/Co-op,490 Duboce Ave,San Francisco,CA,94117,1100000,2,1.0,Duboce Triangle,713,,1988,473,1543,150,Sold,,,http://www.redfin.com/CA/San-Francisco/490-Duboce-Ave-94117/home/1739391,San Francisco MLS,465667,N,Y,37.7694861,-122.431268
